"","value","var"
"1",-928.249061103453,"loglik"
"2",0.26050571213106,"loglik_se"
