"","value","var"
"1",-1378.52878361991,"loglik"
"2",0.39594145474769,"loglik_se"
