"","value","var"
"1",-1378.86585532976,"loglik"
"2",0.171456039525876,"loglik_se"
