"","value","var"
"1",-1714.18510906668,"loglik"
"2",0.408158018151404,"loglik_se"
