"","value","var"
"1",-1714.77641451735,"loglik"
"2",0.532834583904437,"loglik_se"
