"","value","var"
"1",-927.427789350077,"loglik"
"2",0.449967803385327,"loglik_se"
