"","value","var"
"1",-928.28622714633,"loglik"
"2",0.195458848058598,"loglik_se"
