"","value","var"
"1",-927.778080972921,"loglik"
"2",0.422622559104678,"loglik_se"
