"","value","var"
"1",-1444.87322112551,"loglik"
"2",0.504906427619983,"loglik_se"
