"","value","var"
"1",-1379.06446070191,"loglik"
"2",0.257274020864464,"loglik_se"
