"","value","var"
"1",-1378.71983968108,"loglik"
"2",0.713876370748326,"loglik_se"
