"","value","var"
"1",-1444.09479835758,"loglik"
"2",0.680583738738332,"loglik_se"
