"","value","var"
"1",-1444.21387394808,"loglik"
"2",0.79141646568629,"loglik_se"
