"","value","var"
"1",-1714.56730698234,"loglik"
"2",0.470875533170315,"loglik_se"
