"","value","var"
"1",-1444.50553606449,"loglik"
"2",0.476130038186773,"loglik_se"
