"","value","var"
"1",-1714.89923766609,"loglik"
"2",0.196276116462589,"loglik_se"
